{"cameraMode":{"drawMode":0,"name":"Shaded","section":"Shading Mode"},"sceneLighting":true,"audioPlay":false,"sceneViewState":{"m_AlwaysRefresh":false,"showFog":true,"showSkybox":true,"showFlares":true,"showImageEffects":true,"showParticleSystems":true,"showVisualEffectGraphs":true,"m_FxEnabled":true},"in2DMode":false,"pivot":{"x":-18.89784049987793,"y":-5.6748504638671879,"z":43.164546966552737},"rotation":{"x":-0.10908953100442887,"y":0.18729688227176667,"z":-0.02093452960252762,"w":-0.9760036468505859},"size":33.91613006591797,"orthographic":false}